snapshot_date,platform,project_name,project_platform_id,item_id,item_name,version_label,mod_version,loader,game_versions,total_downloads,previous_total,daily_downloads,loader_group
2026-10-09,modrinth,CinderStride,cinderstride,3AmaLH30,cinderstride-fabric-1.21.1-1.0.0.jar,1.21.1-1.0.0,1.0.0,fabric,1.21.1,13,13,0,fabric
2026-10-09,modrinth,CinderStride,cinderstride,k7a9frNx,cinderstride-fabric-1.21.1-1.1.0.jar,1.21.1-1.1.0,1.1.0,fabric,1.21.1,150,146,4,fabric
2026-10-09,modrinth,CinderStride,cinderstride,3ULipy1h,cinderstride-fabric-1.21.11-1.0.0.jar,1.21.11-1.0.0,1.0.0,fabric,1.21.11,15,15,0,fabric
2026-10-09,modrinth,CinderStride,cinderstride,2fbvqPj1,cinderstride-fabric-1.21.11-1.1.0.jar,1.21.11-1.1.0,1.1.0,fabric,1.21.11,212,208,4,fabric
2026-10-09,modrinth,CinderStride,cinderstride,RCOgwRCp,cinderstride-fabric-26.1-1.0.0.jar,26.1.2-1.0.0,1.0.0,fabric,"26.1,26.1.1,26.1.2",22,22,0,fabric
2026-10-09,modrinth,CinderStride,cinderstride,iONmOUuz,cinderstride-fabric-26.1.2-1.1.0.jar,26.1.2-1.1.0,1.1.0,fabric,"26.1,26.1.1,26.1.2",358,358,0,fabric
2026-10-09,modrinth,CinderStride,cinderstride,8j56vU8d,cinderstride-neoforge-1.21.1-1.0.0.jar,1.21.11-1.0.0,1.0.0,neoforge,1.21.1,15,15,0,neoforge
2026-10-09,modrinth,CinderStride,cinderstride,qhmEvepC,cinderstride-neoforge-1.21.1-1.1.0.jar,1.21.1-1.1.0,1.1.0,neoforge,1.21.1,225,223,2,neoforge
2026-10-09,modrinth,CinderStride,cinderstride,vYUmrQWr,cinderstride-neoforge-1.21.11-1.0.0.jar,1.21.11-1.0.0,1.0.0,neoforge,1.21.11,12,12,0,neoforge
2026-10-09,modrinth,CinderStride,cinderstride,5ROohrpl,cinderstride-neoforge-1.21.11-1.1.0.jar,1.21.11-1.1.0,1.1.0,neoforge,1.21.11,46,44,2,neoforge
2026-10-09,modrinth,CinderStride,cinderstride,TDgGJ90c,cinderstride-neoforge-26.1-1.0.0.jar,26.1.2-1.0.0,1.0.0,neoforge,"26.1,26.1.1,26.1.2",15,13,2,neoforge
2026-10-09,modrinth,CinderStride,cinderstride,aAHAziIE,cinderstride-neoforge-26.1.2-1.1.0.jar,26.1.2-1.1.0,1.1.0,neoforge,"26.1,26.1.1,26.1.2",122,122,0,neoforge
2026-10-09,modrinth,Dirigo,dirigo,T0jaIIel,dirigo-fabric-1.21.1-1.0.0.jar,1.21.1-1.0.0,1.0.0,fabric,1.21.1,11,11,0,fabric
2026-10-09,modrinth,Dirigo,dirigo,eNcEXtgh,dirigo-fabric-1.21.1-1.1.0.jar,1.21.1-1.1.0,1.1.0,fabric,1.21.1,127,123,4,fabric
2026-10-09,modrinth,Dirigo,dirigo,XKONajaq,dirigo-fabric-1.21.1-1.2.0.jar,1.21.1-1.2.0,1.2.0,fabric,1.21.1,23,21,2,fabric
2026-10-09,modrinth,Dirigo,dirigo,OnHgpEhW,dirigo-fabric-1.21.1-1.3.0.jar,1.21.1-1.3.0,1.3.0,fabric,1.21.1,472,468,4,fabric
2026-10-09,modrinth,Dirigo,dirigo,95beyHOF,dirigo-fabric-1.21.11-1.0.0.jar,1.21.11-1.0.0,1.0.0,fabric,1.21.11,13,13,0,fabric
2026-10-09,modrinth,Dirigo,dirigo,wG9hzu1P,dirigo-fabric-1.21.11-1.1.0.jar,1.21.11-1.1.0,1.1.0,fabric,1.21.11,162,160,2,fabric
2026-10-09,modrinth,Dirigo,dirigo,36KhNytn,dirigo-fabric-1.21.11-1.2.0.jar,1.21.11-1.2.0,1.2.0,fabric,1.21.11,27,27,0,fabric
2026-10-09,modrinth,Dirigo,dirigo,s0Dmbr4B,dirigo-fabric-1.21.11-1.3.0.jar,1.21.11-1.3.0,1.3.0,fabric,1.21.11,607,595,12,fabric
2026-10-09,modrinth,Dirigo,dirigo,xLfsdNcE,dirigo-fabric-26.1-1.0.0.jar,26.1.2-1.0.0,1.0.0,fabric,"26.1,26.1.1,26.1.2",14,14,0,fabric
2026-10-09,modrinth,Dirigo,dirigo,Suxx66uD,dirigo-fabric-26.1.2-1.1.0.jar,26.1.2-1.1.0,1.1.0,fabric,"26.1,26.1.1,26.1.2",40,40,0,fabric
2026-10-09,modrinth,Dirigo,dirigo,IzNwyoO8,dirigo-fabric-26.1.2-1.2.0.jar,26.1.2-1.2.0,1.2.0,fabric,"26.1,26.1.1,26.1.2",211,209,2,fabric
2026-10-09,modrinth,Dirigo,dirigo,GnChe92N,dirigo-fabric-26.1.2-1.3.0.jar,26.1.2-1.3.0,1.3.0,fabric,"26.1,26.1.1,26.1.2",972,968,4,fabric
2026-10-09,modrinth,Dirigo,dirigo,BL9cPdVw,dirigo-neoforge-1.21.1-1.0.0.jar,1.21.1-1.0.0,1.0.0,neoforge,1.21.1,17,17,0,neoforge
2026-10-09,modrinth,Dirigo,dirigo,OMydJWq0,dirigo-neoforge-1.21.1-1.1.0.jar,1.21.1-1.1.0,1.1.0,neoforge,1.21.1,113,113,0,neoforge
2026-10-09,modrinth,Dirigo,dirigo,FqPlNQqS,dirigo-neoforge-1.21.1-1.2.0.jar,1.21.1-1.2.0,1.2.0,neoforge,1.21.1,19,19,0,neoforge
2026-10-09,modrinth,Dirigo,dirigo,YTyhdLCj,dirigo-neoforge-1.21.1-1.3.0.jar,1.21.1-1.3.0,1.3.0,neoforge,1.21.1,665,663,2,neoforge
2026-10-09,modrinth,Dirigo,dirigo,gWKpWcO9,dirigo-neoforge-1.21.11-1.0.0.jar,1.21.11-1.0.0,1.0.0,neoforge,1.21.11,12,12,0,neoforge
2026-10-09,modrinth,Dirigo,dirigo,eNMOiCnn,dirigo-neoforge-1.21.11-1.1.0.jar,1.21.11-1.1.0,1.1.0,neoforge,1.21.11,31,29,2,neoforge
2026-10-09,modrinth,Dirigo,dirigo,3Kp09583,dirigo-neoforge-1.21.11-1.2.0.jar,1.21.11-1.2.0,1.2.0,neoforge,1.21.11,11,11,0,neoforge
2026-10-09,modrinth,Dirigo,dirigo,uVJ3NqUD,dirigo-neoforge-1.21.11-1.3.0.jar,1.21.11-1.3.0,1.3.0,neoforge,1.21.11,56,56,0,neoforge
2026-10-09,modrinth,Dirigo,dirigo,1Et8BuCV,dirigo-neoforge-26.1-1.0.0.jar,26.1.2-1.0.0,1.0.0,neoforge,"26.1,26.1.1,26.1.2",16,16,0,neoforge
2026-10-09,modrinth,Dirigo,dirigo,FwZEBZDK,dirigo-neoforge-26.1.2-1.1.0.jar,26.1.2-1.1.0,1.1.0,neoforge,"26.1,26.1.1,26.1.2",40,40,0,neoforge
2026-10-09,modrinth,Dirigo,dirigo,kL48fonp,dirigo-neoforge-26.1.2-1.2.0.jar,26.1.2-1.2.0,1.2.0,neoforge,"26.1,26.1.1,26.1.2",24,24,0,neoforge
2026-10-09,modrinth,Dirigo,dirigo,hf4kwpyV,dirigo-neoforge-26.1.2-1.3.0.jar,26.1.2-1.3.0,1.3.0,neoforge,"26.1,26.1.1,26.1.2",128,124,4,neoforge
2026-10-09,modrinth,HearthGuard,hearthguard,3Qr0FvWY,hearthguard-1.21.11-1.0.0.jar,1.21.11-1.0.0,1.0.0,fabric,1.21.11,21,21,0,fabric
2026-10-09,modrinth,HearthGuard,hearthguard,uV8Oy26t,hearthguard-fabric-1.21.1-1.0.0.jar,1.21.1-1.0.0,1.0.0,fabric,1.21.1,15,15,0,fabric
2026-10-09,modrinth,HearthGuard,hearthguard,nRpsspT3,hearthguard-fabric-1.21.1-1.0.1.jar,1.21.1-1.0.1,1.0.1,fabric,1.21.1,44,44,0,fabric
2026-10-09,modrinth,HearthGuard,hearthguard,Wl0112bR,hearthguard-fabric-1.21.1-1.0.3.jar,1.21.1-1.0.3,1.0.3,fabric,1.21.1,39,39,0,fabric
2026-10-09,modrinth,HearthGuard,hearthguard,x1nnCBE6,hearthguard-fabric-1.21.1-1.1.0.jar,1.21.1-1.1.0,1.1.0,fabric,1.21.1,12,12,0,fabric
2026-10-09,modrinth,HearthGuard,hearthguard,Op27yJgE,hearthguard-fabric-1.21.1-1.1.1.jar,1.21.1-1.1.1,1.1.1,fabric,1.21.1,304,300,4,fabric
2026-10-09,modrinth,HearthGuard,hearthguard,Ip4lznyC,hearthguard-fabric-1.21.11-1.0.1.jar,1.21.11-1.0.1,1.0.1,fabric,1.21.11,88,88,0,fabric
2026-10-09,modrinth,HearthGuard,hearthguard,YIyUClBb,hearthguard-fabric-1.21.11-1.0.3.jar,1.21.11-1.0.3,1.0.3,fabric,1.21.11,78,78,0,fabric
2026-10-09,modrinth,HearthGuard,hearthguard,2EwM8JLk,hearthguard-fabric-1.21.11-1.1.0.jar,1.21.11-1.1.0,1.1.0,fabric,1.21.11,51,51,0,fabric
2026-10-09,modrinth,HearthGuard,hearthguard,gkAxmOG6,hearthguard-fabric-1.21.11-1.1.1.jar,1.21.11-1.1.1,1.1.1,fabric,1.21.11,220,220,0,fabric
2026-10-09,modrinth,HearthGuard,hearthguard,30ZlRdYy,hearthguard-fabric-26.1-1.0.1.jar,26.1-1.0.1,1.0.1,fabric,26.1,53,53,0,fabric
2026-10-09,modrinth,HearthGuard,hearthguard,s3sT8jZk,hearthguard-fabric-26.1.1-1.0.2.jar,26.1.1-1.0.2,1.0.2,fabric,26.1.1,104,104,0,fabric
2026-10-09,modrinth,HearthGuard,hearthguard,ltqal83o,hearthguard-fabric-26.1.2-1.0.3.jar,26.1.2-1.0.3,1.0.3,fabric,"26.1,26.1.1,26.1.2",173,173,0,fabric
2026-10-09,modrinth,HearthGuard,hearthguard,LncB3XfS,hearthguard-fabric-26.1.2-1.1.0.jar,26.1.2-1.1.0,1.1.0,fabric,"26.1,26.1.1,26.1.2",39,39,0,fabric
2026-10-09,modrinth,HearthGuard,hearthguard,Kp0bTNmw,hearthguard-fabric-26.1.2-1.1.1.jar,26.1.2-1.1.1,1.1.1,fabric,"26.1,26.1.1,26.1.2",495,493,2,fabric
2026-10-09,modrinth,HearthGuard,hearthguard,fbe73rXR,hearthguard-neoforge-1.21.1-1.0.1.jar,1.21.1-1.0.1,1.0.1,neoforge,1.21.1,54,54,0,neoforge
2026-10-09,modrinth,HearthGuard,hearthguard,iub5wqUR,hearthguard-neoforge-1.21.1-1.0.3.jar,1.21.1-1.0.3,1.0.3,neoforge,1.21.1,67,67,0,neoforge
2026-10-09,modrinth,HearthGuard,hearthguard,JIByjxkH,hearthguard-neoforge-1.21.1-1.1.0.jar,1.21.1-1.1.0,1.1.0,neoforge,1.21.1,36,36,0,neoforge
2026-10-09,modrinth,HearthGuard,hearthguard,OHdAp1h2,hearthguard-neoforge-1.21.1-1.1.1.jar,1.21.1-1.1.1,1.1.1,neoforge,1.21.1,1077,1071,6,neoforge
2026-10-09,modrinth,HearthGuard,hearthguard,dFWb9IFH,hearthguard-neoforge-1.21.11-1.0.0.jar,1.21.11-1.0.0,1.0.0,neoforge,1.21.11,23,23,0,neoforge
2026-10-09,modrinth,HearthGuard,hearthguard,OQyeKKQM,hearthguard-neoforge-1.21.11-1.0.1.jar,1.21.11-1.0.1,1.0.1,neoforge,1.21.11,24,24,0,neoforge
2026-10-09,modrinth,HearthGuard,hearthguard,EzCGv7l8,hearthguard-neoforge-1.21.11-1.0.3.jar,1.21.11-1.0.3,1.0.3,neoforge,1.21.11,21,21,0,neoforge
2026-10-09,modrinth,HearthGuard,hearthguard,FTIJArH1,hearthguard-neoforge-1.21.11-1.1.0.jar,1.21.11-1.1.0,1.1.0,neoforge,1.21.11,41,41,0,neoforge
2026-10-09,modrinth,HearthGuard,hearthguard,aYk1Lril,hearthguard-neoforge-1.21.11-1.1.1.jar,1.21.11-1.1.1,1.1.1,neoforge,1.21.11,46,42,4,neoforge
2026-10-09,modrinth,HearthGuard,hearthguard,ijlz9BpN,hearthguard-neoforge-26.1-1.0.1.jar,26.1-1.0.1,1.0.1,neoforge,26.1,28,28,0,neoforge
2026-10-09,modrinth,HearthGuard,hearthguard,RgUs60SF,hearthguard-neoforge-26.1.1-1.0.2.jar,26.1.1-1.0.2,1.0.2,neoforge,26.1.1,30,30,0,neoforge
2026-10-09,modrinth,HearthGuard,hearthguard,wtqulja4,hearthguard-neoforge-26.1.2-1.0.3.jar,26.1.2-1.0.3,1.0.3,neoforge,"26.1,26.1.1,26.1.2",30,30,0,neoforge
2026-10-09,modrinth,HearthGuard,hearthguard,gJxFzLIJ,hearthguard-neoforge-26.1.2-1.1.0.jar,26.1.2-1.1.0,1.1.0,neoforge,"26.1,26.1.1,26.1.2",19,19,0,neoforge
2026-10-09,modrinth,HearthGuard,hearthguard,o3pIfsaX,hearthguard-neoforge-26.1.2-1.1.1.jar,26.1.2-1.1.1,1.1.1,neoforge,"26.1,26.1.1,26.1.2",117,117,0,neoforge
2026-10-09,modrinth,Smart Feeding Troughs,smart-feeding-troughs,VDkxzzil,smartfeedingtroughs-fabric-1.21.1-1.0.0.jar,1.21.1-1.0.0,1.0.0,fabric,1.21.1,22,22,0,fabric
2026-10-09,modrinth,Smart Feeding Troughs,smart-feeding-troughs,CAfZRofY,smartfeedingtroughs-fabric-1.21.1-1.1.0.jar,1.21.1-1.1.0,1.1.0,fabric,1.21.1,120,120,0,fabric
2026-10-09,modrinth,Smart Feeding Troughs,smart-feeding-troughs,2RFuZF1I,smartfeedingtroughs-fabric-1.21.1-1.1.1.jar,1.21.1-1.1.1,1.1.1,fabric,1.21.1,25,25,0,fabric
2026-10-09,modrinth,Smart Feeding Troughs,smart-feeding-troughs,SPv7haDM,smartfeedingtroughs-fabric-1.21.1-1.2.0.jar,1.21.1-1.2.0,1.2.0,fabric,1.21.1,344,342,2,fabric
2026-10-09,modrinth,Smart Feeding Troughs,smart-feeding-troughs,axl7Ilx7,smartfeedingtroughs-fabric-1.21.11-1.0.0.jar,1.21.11-1.0.0,1.0.0,fabric,1.21.11,17,17,0,fabric
2026-10-09,modrinth,Smart Feeding Troughs,smart-feeding-troughs,RH9d4ha7,smartfeedingtroughs-fabric-1.21.11-1.1.0.jar,1.21.11-1.1.0,1.1.0,fabric,1.21.11,22,22,0,fabric
2026-10-09,modrinth,Smart Feeding Troughs,smart-feeding-troughs,9UO6u1d5,smartfeedingtroughs-fabric-1.21.11-1.1.1.jar,1.21.11-1.1.1,1.1.1,fabric,1.21.11,23,23,0,fabric
2026-10-09,modrinth,Smart Feeding Troughs,smart-feeding-troughs,tfhWsLED,smartfeedingtroughs-fabric-1.21.11-1.2.0.jar,1.21.11-1.2.0,1.2.0,fabric,1.21.11,302,298,4,fabric
2026-10-09,modrinth,Smart Feeding Troughs,smart-feeding-troughs,oCtPsIgs,smartfeedingtroughs-fabric-26.1.2-1.0.0.jar,26.1.2-1.0.0,1.0.0,fabric,"26.1,26.1.1,26.1.2",181,181,0,fabric
2026-10-09,modrinth,Smart Feeding Troughs,smart-feeding-troughs,N8ydrPLJ,smartfeedingtroughs-fabric-26.1.2-1.1.0.jar,26.1.2-1.1.0,1.1.0,fabric,"26.1,26.1.1,26.1.2",94,94,0,fabric
2026-10-09,modrinth,Smart Feeding Troughs,smart-feeding-troughs,I2g7LTMU,smartfeedingtroughs-fabric-26.1.2-1.1.1.jar,26.1.2-1.1.1,1.1.1,fabric,"26.1,26.1.1,26.1.2",140,138,2,fabric
2026-10-09,modrinth,Smart Feeding Troughs,smart-feeding-troughs,woEatwDX,smartfeedingtroughs-fabric-26.1.2-1.2.0.jar,26.1.2-1.2.0,1.2.0,fabric,"26.1,26.1.1,26.1.2",613,609,4,fabric
2026-10-09,modrinth,Smart Feeding Troughs,smart-feeding-troughs,ql783C7d,smartfeedingtroughs-neoforge-1.21.1-1.0.0.jar,1.21.1-1.0.0,1.0.0,neoforge,1.21.1,14,14,0,neoforge
2026-10-09,modrinth,Smart Feeding Troughs,smart-feeding-troughs,Pj9v9MkL,smartfeedingtroughs-neoforge-1.21.1-1.1.0.jar,1.21.1-1.1.0,1.1.0,neoforge,1.21.1,26,26,0,neoforge
2026-10-09,modrinth,Smart Feeding Troughs,smart-feeding-troughs,nWxzmfTU,smartfeedingtroughs-neoforge-1.21.1-1.1.1.jar,1.21.1-1.1.1,1.1.1,neoforge,1.21.1,23,23,0,neoforge
2026-10-09,modrinth,Smart Feeding Troughs,smart-feeding-troughs,WN2Y2hQf,smartfeedingtroughs-neoforge-1.21.1-1.2.0.jar,1.21.1-1.2.0,1.2.0,neoforge,1.21.1,582,572,10,neoforge
2026-10-09,modrinth,Smart Feeding Troughs,smart-feeding-troughs,NP1FGSaL,smartfeedingtroughs-neoforge-1.21.11-1.0.0.jar,1.21.11-1.0.0,1.0.0,neoforge,1.21.11,13,11,2,neoforge
2026-10-09,modrinth,Smart Feeding Troughs,smart-feeding-troughs,nXhEOWLj,smartfeedingtroughs-neoforge-1.21.11-1.1.0.jar,1.21.11-1.1.0,1.1.0,neoforge,1.21.11,17,17,0,neoforge
2026-10-09,modrinth,Smart Feeding Troughs,smart-feeding-troughs,tIpuDluv,smartfeedingtroughs-neoforge-1.21.11-1.1.1.jar,1.21.11-1.1.1,1.1.1,neoforge,1.21.11,12,12,0,neoforge
2026-10-09,modrinth,Smart Feeding Troughs,smart-feeding-troughs,Bwf2hKFh,smartfeedingtroughs-neoforge-1.21.11-1.2.0.jar,1.21.11-1.2.0,1.2.0,neoforge,1.21.11,43,43,0,neoforge
2026-10-09,modrinth,Smart Feeding Troughs,smart-feeding-troughs,bAlVM3ol,smartfeedingtroughs-neoforge-26.1.2-1.0.0.jar,26.1.2-1.0.0,1.0.0,neoforge,"26.1,26.1.1,26.1.2",23,23,0,neoforge
2026-10-09,modrinth,Smart Feeding Troughs,smart-feeding-troughs,afwzTPP8,smartfeedingtroughs-neoforge-26.1.2-1.1.0.jar,26.1.2-1.1.0,1.1.0,neoforge,"26.1,26.1.1,26.1.2",23,23,0,neoforge
2026-10-09,modrinth,Smart Feeding Troughs,smart-feeding-troughs,1AswzP8X,smartfeedingtroughs-neoforge-26.1.2-1.1.1.jar,26.1.2-1.1.1,1.1.1,neoforge,"26.1,26.1.1,26.1.2",23,23,0,neoforge
2026-10-09,modrinth,Smart Feeding Troughs,smart-feeding-troughs,YL5ZiURN,smartfeedingtroughs-neoforge-26.1.2-1.2.0.jar,26.1.2-1.2.0,1.2.0,neoforge,"26.1,26.1.1,26.1.2",128,124,4,neoforge
